{"cameraMode":{"drawMode":0,"name":"Shaded","section":"Shading Mode"},"sceneLighting":true,"audioPlay":false,"sceneViewState":{"m_AlwaysRefresh":false,"showFog":true,"showSkybox":true,"showFlares":true,"showImageEffects":true,"showParticleSystems":true,"showVisualEffectGraphs":true,"m_FxEnabled":true},"in2DMode":false,"pivot":{"x":1.4818464517593384,"y":0.03775009512901306,"z":0.638585090637207},"rotation":{"x":-0.09237993508577347,"y":-0.2764192521572113,"z":0.026702674105763437,"w":-0.9562209844589233},"size":0.8456801772117615,"orthographic":false}